,NAME,TOTAL ROUNDS,TOTAL STROKES,TOTAL ADJUSTMENT,TOTAL DISTANCE,TOTAL DRIVES,FAIRWAYS HIT,POSSIBLE FAIRWAYS,GREENS HIT,# HOLES,RELATIVE/PAR,TOTAL SG:PUTTING,MEASURED ROUNDS_x,SG:OTT,SG:APR,SG:ARG,TOTAL SG:T,MEASURED ROUNDS_y,EVENTS,# OF WINS,# OF TOP-10S,POINTS BEHIND LEAD,FEDEXCUP STROKES,1ST,2ND,3RD,YEAR
0,Webb Simpson,52,"3,539",47.881,"30,800",104,490,728,663,936,-0.36,30.056,51,.123,.640,.244,81.422,51,14,2,8,,-6,2,1,2,2020
1,Jon Rahm,58,"3,991",18.356,"35,682",116,515,816,734,"1,044",-0.33,27.326,57,.756,.283,.304,103.920,57,15,2,8,,-8,2,1,1,2020
2,Justin Thomas,66,"4,538",24.461,"35,286",116,529,924,827,"1,188",-0.34,-1.816,58,.405,.997,.339,99.147,58,18,3,10,,-7,3,2,1,2020
3,Rory McIlroy,60,"4,146",7.155,"32,660",104,471,836,732,"1,080",-0.33,-3.618,51,.702,.504,.108,63.401,51,15,1,7,,-3,1,,2,2020
4,Xander Schauffele,70,"4,832",13.902,"37,868",124,591,980,893,"1,260",-0.31,22.355,61,.648,.366,.225,97.935,61,18,0,7,,-3,,3,1,2020
5,Daniel Berger,64,"4,403",28.197,"36,025",120,569,891,771,"1,152",-0.32,29.450,56,.366,.396,.271,87.337,56,17,1,7,,-4,1,1,2,2020
6,Bryson DeChambeau,62,"4,263",29.931,"39,945",124,498,868,764,"1,116",-0.34,40.776,62,1.039,-.090,-.041,97.074,62,17,1,9,,-4,1,1,1,2020
7,Dustin Johnson,49,"3,378",18.845,"30,477",98,407,689,611,882,-0.35,12.722,47,.612,.524,.002,66.209,47,14,3,7,,-10,3,2,,2020
8,Harris English,76,"5,254",27.673,"45,732",152,657,"1,064",970,"1,368",-0.29,35.253,68,.215,.454,.279,99.728,68,20,0,6,,-4,,1,1,2020
9,Tyrrell Hatton,42,"2,901",18.304,"20,510",68,363,588,524,756,-0.33,12.403,34,.188,.694,.184,48.637,34,11,1,6,,-2,1,,1,2020
10,Patrick Reed,74,"5,136",13.399,"39,073",132,581,"1,036",870,"1,332",-0.34,38.938,65,.278,.102,.316,84.154,65,20,1,8,,-3,1,1,,2020
11,Scottie Scheffler,82,"5,680",36.165,"50,667",164,703,"1,148","1,019","1,476",-0.32,-3.730,70,.618,.398,.115,75.461,70,23,0,7,,-2,,,2,2020
12,Patrick Cantlay,46,"3,201",8.135,"27,884",92,384,647,566,828,-0.32,9.642,44,.404,.523,.170,57.911,44,12,0,3,0,,,1,,2020
13,Hideki Matsuyama,74,"5,137",25.668,"37,744",124,588,"1,032",913,"1,332",-0.30,-28.613,61,.285,.690,.458,58.815,61,20,0,5,,-4,,1,2,2020
14,Collin Morikawa,80,"5,566",22.505,"42,816",144,734,"1,120",994,"1,440",-0.31,-7.044,71,.440,.884,.005,87.387,71,21,2,7,,-5,2,1,,2020
15,Abraham Ancer,74,"5,147",25.036,"36,896",124,665,"1,032",892,"1,332",-0.29,18.354,56,.328,.335,-.093,50.241,56,20,0,4,,-1,,2,,2020
16,Gary Woodland,62,"4,318",17.684,"32,983",108,521,868,761,"1,116",-0.31,17.994,53,.052,.601,-.210,41.495,53,17,0,6,0,,,,1,2020
17,Adam Scott,38,"2,647",12.114,"18,483",60,293,528,466,684,-0.31,8.071,30,-.056,.268,.424,27.160,30,10,1,1,0,,1,,,2020
18,Sungjae Im,94,"6,539",39.769,"49,276",164,846,"1,312","1,135","1,692",-0.31,18.384,79,.437,.106,.007,61.938,79,26,1,7,,-4,1,1,2,2020
19,Tony Finau,72,"4,998",41.441,"39,655",128,520,"1,004",892,"1,296",-0.31,8.246,59,.341,.497,.266,73.346,59,20,0,7,,-2,,1,1,2020
20,Brian Harman,78,"5,415",48.216,"45,715",156,691,"1,092",922,"1,404",-0.31,21.859,71,.115,-.018,.362,54.466,71,22,0,1,0,,,,1,2020
21,Viktor Hovland,74,"5,160",24.447,"39,512",132,652,"1,031",912,"1,332",-0.32,-2.776,58,.447,.633,-.243,45.755,58,20,1,3,,E,1,,1,2020
22,Matt Fitzpatrick,54,"3,789",- 5.222,"27,114",92,485,751,642,972,-0.30,38.741,44,.206,.094,-.113,46.946,44,15,0,5,0,,,,1,2020
23,Alex Noren,56,"3,900",27.139,"33,153",112,455,783,653,"1,008",-0.30,17.987,45,-.231,.039,.443,29.304,45,17,0,4,0,,,,1,2020
24,Ian Poulter,48,"3,355",11.731,"21,797",76,398,668,541,864,-0.32,26.094,38,-.188,.137,.053,26.165,38,13,0,1,0,,,,,2020
25,Brendon Todd,86,"5,994",38.954,"48,619",172,862,"1,208","1,014","1,548",-0.29,37.342,75,-.073,-.119,.092,29.765,75,25,2,4,,-3,2,,,2020
26,Russell Henley,63,"4,386",33.902,"36,549",126,579,882,813,"1,134",-0.25,-10.902,58,-.049,.867,.224,49.492,58,20,0,4,0,,,,,2020
27,Jason Day,53,"3,713",5.657,"26,976",90,412,737,618,954,-0.30,8.625,40,.146,-.151,.632,33.734,40,17,0,5,0,,,,,2020
28,Ryan Palmer,68,"4,757",16.341,"35,910",120,572,952,807,"1,224",-0.30,-16.031,59,.280,.362,.017,22.834,59,19,0,5,,-1,,1,,2020
29,Billy Horschel,79,"5,528",18.507,"40,107",134,692,"1,102",941,"1,422",-0.30,24.983,59,.286,-.033,.095,45.507,59,22,0,6,,E,,1,,2020
30,Tommy Fleetwood,40,"2,797",13.350,"17,337",56,341,556,484,720,-0.27,12.249,28,.389,-.378,.107,15.569,28,11,0,1,0,,,,1,2020
31,Shane Lowry,44,"3,077",14.674,"21,556",72,373,612,550,792,-0.24,-12.819,36,.203,.354,.122,11.599,36,13,0,1,0,,,,,2020
32,Harold Varner III,74,"5,163",39.004,"39,856",132,636,"1,031",940,"1,332",-0.28,-12.233,57,.458,.442,.244,53.002,57,22,0,1,0,,,,,2020
33,Brendan Steele,64,"4,481",18.334,"38,859",128,537,896,785,"1,152",-0.29,7.045,56,.081,.539,-.038,39.626,56,20,0,3,0,,,1,,2020
34,Bubba Watson,66,"4,619",21.310,"36,072",116,533,920,804,"1,188",-0.28,3.630,57,.649,.208,-.209,40.541,57,20,0,3,0,,,,1,2020
35,Bud Cauley,61,"4,281",7.796,"35,438",122,504,854,720,"1,098",-0.27,3.019,58,-.116,.322,.380,36.994,58,20,0,2,0,,,,,2020
36,Matt Kuchar,56,"3,927",10.465,"31,681",112,518,787,655,"1,008",-0.31,33.651,49,-.039,.014,.015,33.150,49,16,0,1,0,,,1,,2020
37,Kevin Kisner,73,"5,096",40.264,"37,600",130,666,"1,021",859,"1,314",-0.29,31.283,56,.058,.234,-.093,42.409,56,21,0,4,,-1,,,2,2020
38,Joaquin Niemann,76,"5,312",35.688,"41,034",136,601,"1,064",948,"1,368",-0.28,-15.708,65,.370,.562,-.188,32.649,65,23,1,4,,-2,1,,1,2020
39,Paul Casey,56,"3,916",24.874,"29,490",96,498,783,712,"1,008",-0.27,-16.858,44,.546,.631,-.363,18.958,44,15,0,1,0,,,1,,2020
40,Zach Johnson,61,"4,270",23.670,"34,882",122,536,854,747,"1,098",-0.28,19.906,54,-.092,.287,-.098,25.142,54,18,0,1,0,,,,,2020
41,Adam Long,88,"6,158",38.043,"46,713",160,769,"1,231","1,073","1,584",-0.29,16.021,71,.004,.358,-.055,37.824,71,25,0,3,0,,,2,,2020
42,Mark Hubbard,86,"6,005",50.597,"49,893",172,756,"1,203","1,032","1,548",-0.31,30.154,73,-.044,.204,-.065,37.057,73,24,0,3,0,,,1,,2020
43,Joel Dahmen,79,"5,543",19.764,"41,944",142,711,"1,101",908,"1,422",-0.29,-3.975,63,.356,.336,-.040,37.072,63,22,0,5,0,,,,,2020
44,J.T. Poston,78,"5,456",37.470,"40,628",140,696,"1,092",909,"1,404",-0.31,36.028,63,.130,-.366,.095,27.139,63,23,0,2,0,,,,,2020
45,Corey Conners,74,"5,191",20.824,"37,043",124,695,"1,036",953,"1,332",-0.25,-37.373,62,.600,.582,-.175,25.086,62,22,0,1,0,,,,,2020
46,Kevin Na,71,"4,974",26.553,"36,151",126,623,993,808,"1,278",-0.30,40.883,59,-.410,.267,.140,40.753,59,21,1,4,,-1,1,,,2020
47,Lanto Griffin,92,"6,445",36.510,"55,656",184,738,"1,291","1,085","1,656",-0.29,26.841,80,.076,.152,.077,51.194,80,27,1,4,,-2,1,,,2020
48,Denny McCarthy,77,"5,375",49.970,"45,240",154,664,"1,078",935,"1,386",-0.32,64.205,65,-.139,-.243,-.137,30.503,65,23,0,4,0,,,,,2020
49,Doc Redman,82,"5,725",54.078,"48,773",164,783,"1,147","1,045","1,476",-0.29,-.293,70,.346,.584,-.332,41.557,70,24,0,1,0,,,,1,2020
50,Sebasti치n Mu침oz,84,"5,874",46.749,"50,793",168,713,"1,180","1,003","1,512",-0.30,4.319,78,.218,.308,.110,53.922,78,26,1,5,,-3,1,,1,2020
51,Louis Oosthuizen,48,"3,379",4.668,"24,008",80,405,668,564,864,-0.28,10.314,40,.075,-.126,-.268,-2.399,40,13,0,2,0,,,,1,2020
52,Rickie Fowler,44,"3,085",16.953,"25,949",88,402,620,527,792,-0.32,8.908,41,.172,.099,.222,29.111,41,14,0,2,0,,,,,2020
53,Will Gordon,32,"2,226",30.755,"19,762",64,257,448,413,576,-0.27,-3.197,22,.564,-.106,-.036,6.072,22,,,,,,,,1,2020
54,Carlos Ortiz,72,"5,045",33.022,"43,247",144,558,"1,008",865,"1,296",-0.29,6.195,65,-.087,.122,.327,29.780,65,22,0,3,0,,,1,,2020
55,Cameron Tringale,63,"4,403",40.613,"38,044",126,476,881,790,"1,134",-0.27,4.562,53,-.125,.632,.195,41.784,53,18,0,1,0,,,,1,2020
56,Talor Gooch,83,"5,820",34.365,"49,505",166,678,"1,162","1,002","1,494",-0.30,23.477,75,-.019,.113,.016,31.742,75,24,0,2,0,,,,,2020
57,Brooks Koepka,40,"2,827",- 5.163,"23,332",76,301,560,481,720,-0.29,-8.952,38,.362,.322,-.028,15.970,38,13,0,2,0,,,1,,2020
58,Brice Garnett,58,"4,049",43.630,"33,704",116,522,811,730,"1,044",-0.27,9.807,45,.193,-.114,.027,14.567,45,19,0,,0,,,,,2020
59,Byeong Hun An,75,"5,271",21.567,"38,518",126,568,"1,046",888,"1,350",-0.28,-31.506,60,-.050,.256,.373,3.273,60,22,0,5,0,,,,1,2020
60,Richy Werenski,56,"3,923",29.100,"33,391",112,454,783,672,"1,008",-0.30,23.741,49,-.130,.038,.091,23.715,49,17,1,3,0,,1,,2,2020
61,Sergio Garcia,44,"3,085",20.258,"19,573",64,371,612,541,792,-0.26,-24.118,32,.848,.181,.308,18.646,32,12,0,1,0,,,,,2020
62,Matthew NeSmith,68,"4,756",43.096,"40,117",136,610,951,859,"1,224",-0.27,6.479,54,-.156,.473,-.158,15.063,54,23,0,1,0,,,,,2020
63,Justin Rose,38,"2,672",10.371,"20,373",68,321,532,432,684,-0.33,-.830,33,.218,.233,-.108,10.495,33,13,0,2,0,,,,1,2020
64,Mackenzie Hughes,70,"4,918",23.195,"41,821",140,546,979,799,"1,260",-0.30,42.211,62,-.352,-.390,.454,24.303,62,22,0,4,,E,,1,1,2020
65,Tom Hoge,74,"5,203",21.775,"42,976",148,627,"1,035",874,"1,332",-0.27,3.031,66,.062,.389,-.095,26.482,66,24,0,3,0,,,1,,2020
66,Nick Taylor,59,"4,150",15.804,"34,999",118,530,825,711,"1,062",-0.29,-2.164,50,.094,.052,-.030,3.642,50,18,1,2,0,,1,,,2020
67,Danny Lee,69,"4,843",28.990,"36,840",122,549,962,815,"1,242",-0.29,-10.725,55,.165,.238,-.296,-4.857,55,22,0,3,0,,,1,,2020
68,Adam Hadwin,65,"4,557",32.675,"33,511",114,584,905,799,"1,170",-0.27,9.974,54,-.004,.262,.130,30.951,54,17,0,3,0,,,1,,2020
69,Jim Furyk,39,"2,739",15.040,"21,854",78,406,545,521,702,-0.22,-1.869,36,-.099,.568,-.061,12.827,36,,,,,,,,,2020
70,Jason Kokrak,62,"4,353",25.284,"33,743",108,498,864,766,"1,116",-0.25,-14.376,51,.633,.168,-.227,14.919,51,20,0,3,0,,,,1,2020
71,Dylan Frittelli,82,"5,770",21.698,"43,119",148,698,"1,148",971,"1,476",-0.26,-7.570,68,.046,.043,.267,16.655,68,24,0,3,0,,,,,2020
72,Cameron Davis,58,"4,056",41.064,"35,723",116,477,811,723,"1,044",-0.29,.211,46,.211,.213,.131,25.779,46,20,0,2,0,,,,,2020
73,Cameron Smith,64,"4,497",24.166,"33,578",112,488,896,738,"1,152",-0.31,15.427,55,-.245,.020,.091,8.053,55,19,1,2,,E,1,,1,2020
74,Ryan Moore,44,"3,090",21.114,"20,872",72,420,612,543,792,-0.28,1.107,34,.291,.370,-.136,18.993,34,16,0,2,0,,,,,2020
75,Charles Howell III,69,"4,844",35.399,"34,324",114,525,962,854,"1,242",-0.28,10.844,50,-.132,-.300,.392,8.848,50,20,0,3,0,,,,1,2020
76,Matthew Wolff,74,"5,211",22.736,"41,135",132,611,"1,036",890,"1,332",-0.30,7.727,63,.607,.099,-.337,30.947,63,21,0,2,0,,,1,,2020
77,Scott Stallings,67,"4,671",67.709,"39,873",134,537,937,840,"1,206",-0.30,.992,53,-.191,.309,.072,11.029,53,20,0,2,0,,,,,2020
78,Brandt Snedeker,53,"3,706",42.752,"30,586",106,459,741,629,954,-0.27,17.357,50,-.333,-.336,.514,9.588,50,16,0,1,0,,,,1,2020
79,Adam Schenk,74,"5,165",69.197,"39,860",132,642,"1,031",920,"1,332",-0.27,6.472,55,.279,.001,-.095,16.651,55,24,0,,0,,,,,2020
80,Kevin Streelman,73,"5,141",22.885,"38,213",130,670,"1,017",889,"1,314",-0.28,-4.801,57,.246,.250,.002,23.596,57,23,0,4,0,,,2,,2020
81,Russell Knox,63,"4,411",46.882,"37,339",126,548,881,795,"1,134",-0.25,-17.172,49,-.145,.449,.077,1.465,49,22,0,,0,,,,,2020
82,Sam Burns,58,"4,073",32.133,"36,197",116,445,812,699,"1,044",-0.32,22.482,55,.493,-.179,-.394,18.083,55,19,0,1,0,,,,,2020
83,Rory Sabbatini,66,"4,645",26.437,"32,930",116,559,920,775,"1,188",-0.26,-.743,50,.005,-.278,.359,3.561,50,20,0,,0,,,,,2020
84,Maverick McNealy,76,"5,329",51.030,"45,079",152,619,"1,063",901,"1,368",-0.30,38.465,58,.025,-.391,-.053,14.137,58,23,0,3,0,,,,,2020
85,Henrik Norlander,74,"5,190",49.076,"43,229",148,720,"1,035",941,"1,332",-0.28,-.201,56,.125,.364,-.204,15.745,56,23,0,3,0,,,,,2020
86,Bronson Burgoon,53,"3,701",51.870,"31,229",106,442,742,638,954,-0.31,16.336,45,-.067,.055,-.083,12.038,45,19,0,1,0,,,,,2020
87,Matt Jones,76,"5,344",38.078,"42,817",144,629,"1,063",906,"1,368",-0.28,3.895,64,.159,-.438,.089,-8.245,64,23,0,2,0,,,,,2020
88,Vaughn Taylor,61,"4,299",21.434,"29,852",106,576,849,700,"1,098",-0.31,12.948,44,-.043,-.155,-.155,-2.554,44,19,0,2,0,,,1,,2020
89,Tyler Duncan,83,"5,836",43.705,"47,519",166,814,"1,165","1,009","1,494",-0.27,-9.207,70,.075,.300,-.202,2.936,70,25,1,1,0,,1,,,2020
90,Harry Higgs,83,"5,844",36.707,"49,974",166,722,"1,161",987,"1,494",-0.28,5.492,69,.307,-.361,-.148,-8.444,69,25,0,2,0,,,1,,2020
91,Pat Perez,55,"3,855",41.925,"27,292",94,480,765,698,990,-0.27,10.132,40,-.163,.252,-.069,10.898,40,18,0,2,0,,,,1,2020
92,Jordan Spieth,62,"4,367",26.085,"30,162",100,450,863,696,"1,116",-0.32,.168,47,-.279,.082,.330,6.450,47,17,0,3,0,,,,,2020
93,Keegan Bradley,68,"4,801",17.560,"36,125",120,566,948,813,"1,224",-0.25,-38.906,57,.175,.351,.112,-2.559,57,20,0,,0,,,,,2020
94,Cameron Champ,70,"4,929",31.787,"45,082",140,554,983,853,"1,260",-0.29,-10.539,61,.999,-.143,-.293,23.782,61,20,1,2,,E,1,,,2020
95,Patrick Rodgers,91,"6,398",51.051,"56,147",182,674,"1,273","1,097","1,638",-0.30,49.285,75,.211,-.465,-.018,28.954,75,27,0,1,0,,,,,2020
96,Jhonattan Vegas,50,"3,505",39.158,"28,424",92,434,700,632,900,-0.28,-12.830,37,.721,-.148,-.146,2.931,37,17,0,1,0,,,,,2020
97,Brian Stuard,81,"5,679",62.709,"43,344",154,814,"1,133",949,"1,458",-0.28,7.289,64,-.245,.083,.300,16.096,64,25,0,2,0,,,,,2020
98,Aaron Wise,45,"3,162",28.455,"27,137",90,377,629,584,810,-0.24,-16.288,34,.016,.104,-.010,-12.543,34,18,0,2,0,,,,1,2020
99,Nick Watney,44,"3,094",25.689,"26,602",88,341,615,556,792,-0.28,4.743,36,-.433,.416,.162,9.953,36,17,0,1,0,,,,,2020
100,Tim Wilkinson,46,"3,224",39.064,"26,188",92,439,643,558,828,-0.27,-2.724,32,-.112,-.101,.234,-2.066,32,16,0,,0,,,,,2020
101,Max Homa,70,"4,939",26.961,"37,270",124,577,979,814,"1,260",-0.29,7.965,57,.272,.115,-.248,15.913,57,21,0,4,0,,,,1,2020
102,Seamus Power,32,"2,239",31.770,"19,488",64,262,447,400,576,-0.32,2.263,21,.124,-.358,.433,6.456,21,,,,,,,,,2020
103,Emiliano Grillo,65,"4,567",45.589,"33,713",114,599,906,837,"1,170",-0.26,-43.454,48,.250,.580,-.107,-8.745,48,23,0,3,0,,,,2,2020
104,Kyle Stanley,53,"3,717",46.418,"30,220",106,529,742,692,954,-0.25,-13.882,43,.048,.335,.014,3.183,43,20,0,1,0,,,,1,2020
105,Phil Mickelson,51,"3,599",22.481,"25,929",86,385,713,583,918,-0.31,-3.167,38,-.020,-.129,.379,5.567,38,16,0,2,0,,,1,1,2020
106,Chez Reavie,77,"5,428",42.307,"36,976",130,751,"1,077",932,"1,386",-0.25,-16.581,57,-.107,.440,.237,15.868,57,22,0,2,0,,,,,2020
107,Luke List,69,"4,860",42.338,"40,008",130,555,966,863,"1,242",-0.27,-29.741,59,.387,.300,.118,17.777,59,22,0,1,0,,,,,2020
108,Xinjun Zhang,77,"5,436",35.452,"42,894",146,641,"1,077",915,"1,386",-0.29,5.153,59,.104,.005,.063,15.331,59,25,0,3,0,,,,,2020
109,Charley Hoffman,59,"4,149",43.531,"32,617",110,469,825,726,"1,062",-0.32,4.087,48,-.032,.280,-.034,14.384,48,20,0,2,0,,,,,2020
110,Michael Thompson,62,"4,371",34.753,"35,759",124,567,867,725,"1,116",-0.27,10.137,56,-.187,-.127,-.040,-9.695,56,20,1,2,0,,1,,,2020
111,Cameron Percy,45,"3,162",36.263,"26,553",90,373,630,564,810,-0.26,-.909,33,-.078,.482,-.264,3.715,33,17,0,1,0,,,,,2020
112,Sam Ryder,70,"4,922",54.379,"41,682",140,600,980,836,"1,260",-0.28,-1.966,56,-.033,.154,-.099,-.722,56,25,0,2,0,,,,1,2020
113,Ryan Armour,58,"4,068",55.344,"32,959",116,599,811,709,"1,044",-0.28,-18.804,45,.020,.044,.160,-8.700,45,21,0,3,0,,,,,2020
114,Mark Anderson,47,"3,319",22.480,"27,549",94,391,657,565,846,-0.23,.998,37,-.123,.192,-.171,-2.775,37,,,,,,,,,2020
115,Sepp Straka,70,"4,943",34.132,"42,381",140,590,980,844,"1,260",-0.27,15.627,62,.285,.119,-.288,22.832,62,25,0,3,0,,,,,2020
116,Branden Grace,41,"2,880",35.423,"21,999",74,319,573,505,738,-0.26,-11.623,33,-.181,.501,.085,1.746,33,,,,,,,,,2020
117,Lucas Glover,67,"4,724",41.051,"33,181",110,603,933,829,"1,206",-0.27,-17.783,50,.327,.400,-.286,4.231,50,21,0,1,0,,,,,2020
118,Jason Dufner,62,"4,390",21.855,"35,493",124,576,867,757,"1,116",-0.22,-38.160,56,.047,.472,.167,.243,56,,,,,,,,,2020
119,Troy Merritt,68,"4,791",48.244,"35,012",120,611,947,814,"1,224",-0.28,25.869,55,-.074,-.323,-.238,-9.112,55,22,0,2,0,,,1,,2020
120,Chris Baker,49,"3,454",33.312,"28,368",98,476,685,618,882,-0.24,-15.286,33,.211,.238,-.105,-3.945,33,,,,,,,,,2020
121,Chase Seiffert,54,"3,806",37.468,"31,462",108,472,755,662,972,-0.28,10.792,36,.087,.043,-.233,7.066,36,18,0,1,0,,,,,2020
122,Marc Leishman,61,"4,343",- .672,"31,359",106,441,850,675,"1,098",-0.27,-13.496,52,-.202,.366,-.143,-12.432,52,18,1,3,,-1,1,1,1,2020
123,Stewart Cink,51,"3,621",9.639,"30,163",102,402,713,624,918,-0.27,5.441,45,-.118,.219,-.120,4.566,45,14,0,1,0,,,,,2020
124,Bo Hoag,67,"4,718",51.923,"39,488",134,592,937,844,"1,206",-0.25,5.988,49,-.143,-.295,-.015,-16.246,49,22,0,1,0,,,,,2020
125,Matt Wallace,44,"3,129",4.052,"24,138",80,327,616,504,792,-0.28,1.073,40,.158,-.554,.401,1.252,40,13,0,1,0,,,,,2020
126,Chesson Hadley,58,"4,078",53.208,"31,969",108,541,811,733,"1,044",-0.30,-2.989,46,.099,.437,-.195,12.677,46,19,0,,0,,,,,2020
127,Andrew Landry,63,"4,453",34.367,"36,505",126,579,881,727,"1,134",-0.26,-19.116,56,.189,-.169,-.215,-30.005,56,21,1,1,0,,1,,,2020
128,Peter Uihlein,43,"3,016",47.101,"25,951",86,285,601,526,774,-0.30,11.955,33,-.724,-.083,.290,-5.093,33,,,,,,,,,2020
129,Wyndham Clark,61,"4,323",22.808,"32,336",106,443,849,687,"1,098",-0.31,25.606,46,-.398,-.570,.110,-13.913,46,23,0,1,0,,,,,2020
130,Fabi치n G칩mez,55,"3,870",48.862,"31,816",110,506,769,660,990,-0.28,.430,39,-.251,-.137,.129,-9.672,39,19,0,2,0,,,,1,2020
131,Si Woo Kim,74,"5,221",51.763,"39,348",132,588,"1,031",873,"1,332",-0.29,-4.736,60,-.075,.115,.305,16.009,60,24,0,1,0,,,,1,2020
132,Ben Martin,36,"2,532",33.325,"20,422",72,324,503,435,648,-0.27,.316,22,-.029,.016,-.259,-5.688,22,,,,,,,,,2020
133,David Hearn,51,"3,592",42.581,"28,745",102,488,713,614,918,-0.25,4.332,36,-.220,-.229,.047,-10.124,36,,,,,,,,,2020
134,Rafa Cabrera Bello,53,"3,749",29.098,"24,081",82,461,737,609,954,-0.28,2.616,39,-.096,-.166,-.328,-20.422,39,16,0,,0,,,,,2020
135,James Hahn,36,"2,538",28.272,"21,145",72,309,503,450,648,-0.27,-2.243,27,.143,.150,.117,8.828,27,,,,,,,,,2020
136,Aaron Baddeley,47,"3,309",41.664,"26,784",94,391,657,549,846,-0.31,9.487,37,-.736,-.122,.520,-2.994,37,,,,,,,,,2020
137,Keith Mitchell,64,"4,554",9.084,"33,812",112,522,895,749,"1,152",-0.28,11.020,50,.412,-.431,-.459,-12.875,50,21,0,1,0,,,,,2020
138,Brandon Hagy,46,"3,242",37.785,"28,776",92,328,643,560,828,-0.28,5.769,36,-.059,-.561,.149,-11.211,36,,,,,,,,,2020
139,Rob Oppenheim,61,"4,317",32.295,"34,671",122,537,853,716,"1,098",-0.24,-22.464,45,-.282,-.123,.536,-16.573,45,21,0,1,0,,,,,2020
140,Scott Piercy,66,"4,673",33.226,"34,473",116,576,919,769,"1,188",-0.28,-10.626,50,.263,.134,-.355,-8.474,50,19,0,1,0,,,,,2020
141,D.J. Trahan,47,"3,318",33.438,"27,972",94,425,657,577,846,-0.26,-15.089,33,-.027,-.191,.095,-19.163,33,,,,,,,,,2020
142,Josh Teater,41,"2,882",42.723,"24,109",82,391,573,528,738,-0.29,-21.589,27,-.080,.095,-.009,-21.402,27,15,0,1,0,,,1,,2020
143,Kyoung-Hoon Lee,72,"5,087",49.383,"40,312",136,655,"1,008",845,"1,296",-0.27,-5.508,54,.066,-.274,.129,-9.803,54,25,0,1,0,,,,,2020
144,Martin Laird,39,"2,746",36.426,"23,562",78,348,546,495,702,-0.24,-14.427,29,.251,.187,-.023,-2.388,29,,,,,,,,,2020
145,Robby Shelton,71,"5,028",38.412,"42,111",142,608,994,855,"1,278",-0.27,-8.643,57,.057,.127,-.153,-6.892,57,24,0,3,0,,,,1,2020
146,Joseph Bramlett,53,"3,751",31.473,"31,727",106,425,741,668,954,-0.25,-6.026,39,-.072,.015,-.086,-11.628,39,18,0,1,0,,,,,2020
147,Nate Lashley,52,"3,676",35.992,"26,977",94,453,730,607,936,-0.26,9.043,45,-.276,-.353,.106,-14.460,45,20,0,2,0,,,,2,2020
148,Beau Hossler,67,"4,743",39.928,"41,091",134,505,937,786,"1,206",-0.29,22.344,49,-.160,-.710,-.085,-24.448,49,22,0,1,0,,,,,2020
149,Doug Ghim,40,"2,826",30.096,"23,676",80,356,559,501,720,-0.23,-8.979,28,-.074,-.244,.120,-14.546,28,,,,,,,,,2020
150,Brian Gay,63,"4,461",37.671,"36,351",126,517,881,735,"1,134",-0.30,6.473,50,-.353,-.293,-.061,-28.901,50,23,0,2,0,,,,1,2020
151,Patton Kizzire,55,"3,882",47.442,"32,425",110,416,770,642,990,-0.30,21.313,47,-.661,-.368,-.031,-28.493,47,,,,,,,,,2020
152,Kramer Hickok,49,"3,464",38.152,"28,692",98,460,685,584,882,-0.22,-19.222,36,.195,-.384,.193,-19.062,36,,,,,,,,,2020
153,Vincent Whaley,38,"2,687",29.158,"22,872",76,310,531,456,684,-0.29,7.757,28,-.002,-.761,-.259,-20.872,28,,,,,,,,,2020
154,Sung Kang,73,"5,198",20.664,"39,444",130,568,"1,021",858,"1,314",-0.26,-19.028,62,.006,.000,-.231,-33.009,62,22,0,2,0,,,1,,2020
155,Austin Cook,60,"4,236",55.303,"35,255",120,560,839,737,"1,080",-0.26,5.532,48,.276,-.492,-.049,-7.202,48,,,,,,,,,2020
156,Kris Ventura,44,"3,099",49.938,"26,905",88,367,615,532,792,-0.32,19.419,28,.172,-.314,-.665,-3.207,28,,,,,,,,,2020
157,Scott Brown,64,"4,541",39.617,"36,934",128,603,895,743,"1,152",-0.25,-12.932,50,.215,-.307,.004,-17.325,50,22,0,1,0,,,1,,2020
158,Kevin Chappell,41,"2,907",27.509,"24,649",82,324,573,481,738,-0.29,6.339,32,-.099,-.304,-.158,-11.637,32,,,,,,,,,2020
159,Peter Malnati,57,"4,036",43.690,"32,791",114,434,797,642,"1,026",-0.30,15.634,47,-.461,-.431,.067,-23.139,47,21,0,,0,,,,,2020
160,Hank Lebioda,55,"3,894",42.770,"32,413",110,464,769,670,990,-0.26,-25.205,41,-.062,-.053,.109,-25.444,41,20,0,1,0,,,,1,2020
161,Scott Harrington,68,"4,841",26.659,"41,766",136,555,951,789,"1,224",-0.27,4.760,54,.234,-.579,-.087,-18.592,54,22,0,1,0,,,1,,2020
162,Roger Sloan,51,"3,608",42.905,"29,738",102,416,714,602,918,-0.26,-2.269,38,-.198,-.384,.042,-22.791,38,,,,,,,,,2020
163,Anirban Lahiri,35,"2,475",31.027,"20,609",70,297,489,429,630,-0.28,-5.097,23,.050,-.560,.057,-15.511,23,,,,,,,,,2020
164,Wes Roach,40,"2,831",33.096,"23,236",80,350,559,489,720,-0.27,-11.103,22,-.175,-.449,.073,-23.228,22,,,,,,,,,2020
165,Tyler McCumber,53,"3,761",35.686,"32,884",106,402,741,632,954,-0.26,-28.548,38,.215,.014,-.203,-27.553,38,,,,,,,,,2020
166,C.T. Pan,56,"3,988",23.696,"27,550",96,470,780,678,"1,008",-0.22,-32.990,43,-.258,.277,-.104,-36.650,43,,,,,,,,,2020
167,Zac Blair,66,"4,698",34.501,"37,077",132,578,923,754,"1,188",-0.26,5.163,50,-.405,-.443,-.065,-40.462,50,23,0,1,0,,,,,2020
168,Michael Gligic,48,"3,403",39.546,"28,645",96,399,671,580,864,-0.26,-5.966,34,.136,-.089,-.080,-7.086,34,,,,,,,,,2020
169,Chris Stroud,46,"3,256",43.735,"26,407",92,382,643,535,828,-0.29,2.104,36,-.390,-.194,-.051,-20.766,36,,,,,,,,,2020
170,Ryan Brehm,50,"3,543",46.878,"31,527",100,341,699,619,900,-0.27,-17.514,32,.346,-.327,-.293,-26.259,32,,,,,,,,,2020
171,Danny Willett,40,"2,867",5.189,"19,277",64,310,560,450,720,-0.27,7.659,32,-.004,-.336,-.188,-9.252,32,13,0,1,0,,,,,2020
172,Grayson Murray,36,"2,559",26.161,"22,591",72,273,504,414,648,-0.30,-23.877,31,.164,-.167,.083,-21.407,31,,,,,,,,,2020
173,Ben Taylor,42,"2,976",40.583,"24,798",84,340,587,521,756,-0.24,-.049,28,-.337,-.054,-.192,-16.364,28,,,,,,,,,2020
174,Robert Streb,50,"3,554",37.795,"29,369",100,406,699,606,900,-0.27,-18.343,32,-.117,-.221,-.244,-36.968,32,19,0,1,0,,,,,2020
175,Graeme McDowell,48,"3,439",10.563,"24,416",86,418,674,547,864,-0.26,-8.198,37,-.586,.122,-.103,-29.154,37,16,0,1,0,,,,,2020
176,Arjun Atwal,31,"2,196",31.869,"17,760",62,288,433,371,558,-0.24,-10.953,20,-.315,-.377,.238,-20.042,20,,,,,,,,,2020
177,Andrew Putnam,46,"3,278",28.061,"18,894",68,365,640,528,828,-0.25,26.925,32,-1.121,-.495,-.246,-32.657,32,16,0,1,0,,,,,2020
178,"Ted Potter, Jr.",44,"3,127",35.592,"25,537",88,373,615,546,792,-0.24,-15.900,34,-.378,.110,-.148,-30.018,34,,,,,,,,,2020
179,Jimmy Walker,46,"3,314",- 5.343,"27,418",92,301,643,515,828,-0.27,-14.318,41,-.909,.444,-.031,-34.675,41,,,,,,,,,2020
180,Kevin Tway,48,"3,434",21.639,"21,873",72,333,668,541,864,-0.26,-12.211,35,-.422,-.350,.107,-35.454,35,,,,,,,,,2020
181,Zack Sucher,36,"2,557",35.202,"21,712",72,268,503,443,648,-0.26,-6.083,24,.127,-.403,.148,-9.151,24,,,,,,,,,2020
182,Jim Herman,60,"4,309",12.345,"34,266",120,584,843,693,"1,080",-0.22,-12.504,52,.210,-.438,-.431,-46.834,52,21,1,1,0,,1,,,2020
183,Michael Gellerman,42,"2,983",42.996,"24,656",84,367,587,516,756,-0.26,5.833,30,-.404,.088,-.403,-15.755,30,,,,,,,,,2020
184,Bill Haas,44,"3,121",49.628,"25,894",88,377,615,550,792,-0.22,-36.320,34,-.133,-.128,.265,-36.167,34,,,,,,,,,2020
185,J.J. Spaun,58,"4,134",45.844,"34,498",116,469,811,689,"1,044",-0.28,-5.902,48,-.057,-.266,-.214,-31.688,48,,,,,,,,,2020
186,Rhein Gibson,50,"3,559",45.364,"29,783",100,363,699,587,900,-0.28,14.703,34,-.888,-.757,.342,-29.591,34,,,,,,,,,2020
187,Sebastian Cappelen,53,"3,777",44.603,"32,192",106,379,741,614,954,-0.27,1.912,35,-.293,-.862,.010,-38.165,35,,,,,,,,,2020
188,Dominic Bozzelli,36,"2,568",33.988,"21,531",72,260,503,408,648,-0.33,12.003,24,-.839,-.393,-.230,-23.103,24,,,,,,,,,2020
189,Nelson Ledesma,40,"2,866",37.145,"23,852",80,285,559,451,720,-0.28,-1.490,24,-.704,-.645,-.424,-44.037,24,,,,,,,,,2020
190,Matt Every,45,"3,234",32.485,"26,309",90,365,629,527,810,-0.28,-26.070,41,-.335,-.400,-.395,-72.388,41,,,,,,,,,2020
191,Bo Van Pelt,43,"3,125",39.191,"25,082",86,356,601,504,774,-0.22,-24.281,31,-.568,-1.060,-.048,-76.245,31,,,,,,,,,2020
192,Martin Trainer,46,"3,416",27.774,"27,795",92,311,647,431,828,-0.25,-12.658,39,-.760,-2.115,-.253,-134.688,39,,,,,,,,,2020
